payment_id,order_id,payment_date,amount,status
1,1,2025-07-02T20:18:46,1258.57,refunded
2,2,2025-04-05T08:36:20,145.1,failed
3,3,2025-04-27T13:58:01,1084.82,paid
4,4,2024-11-17T21:28:40,51.14,refunded
5,5,2025-02-18T13:06:17,1238.94,paid
6,6,2025-06-17T17:23:07,714.46,refunded
7,7,2025-01-14T03:46:03,465.87,refunded
8,8,2025-09-28T15:05:35,1103.08,paid
9,9,2025-06-18T18:18:37,516.59,failed
10,10,2025-02-06T09:52:43,1236.79,refunded
11,11,2025-06-10T00:27:04,866.09,paid
12,12,2024-11-20T19:53:50,378.89,refunded
13,13,2025-03-15T02:18:20,904.75,refunded
14,14,2024-10-22T16:03:23,674.52,failed
15,15,2025-08-13T13:16:57,493.24,failed
16,16,2025-03-04T20:21:19,268.27,refunded
17,17,2024-11-01T16:10:23,407.71,paid
18,18,2025-07-01T18:18:03,842.47,paid
19,19,2025-05-21T21:37:11,1334.33,paid
20,20,2025-06-30T15:52:23,204.74,failed
21,21,2025-03-04T06:46:10,433.3,paid
22,22,2024-11-09T21:06:45,1492.31,refunded
23,23,2025-04-11T15:04:55,314.36,refunded
24,24,2025-02-12T21:50:32,1356.11,paid
25,25,2025-04-12T02:52:55,435.67,paid
26,26,2025-08-27T21:53:26,333.22,refunded
27,27,2025-07-03T11:25:39,758.69,refunded
28,28,2025-09-27T13:14:49,637.42,failed
29,29,2025-02-04T12:43:44,750.17,failed
30,30,2025-08-17T09:53:29,815.36,refunded
31,31,2024-11-12T19:30:52,942.92,refunded
32,32,2025-02-23T18:25:45,1385.23,refunded
33,33,2025-03-25T05:29:07,844.34,paid
34,34,2025-04-22T12:26:04,983.21,refunded
35,35,2025-09-26T23:56:35,206.39,failed
36,36,2025-02-08T14:51:08,371.6,refunded
37,37,2025-08-27T20:42:13,1447.62,paid
38,38,2025-05-21T09:07:29,252.28,paid
39,39,2025-05-01T12:14:11,824.48,failed
40,40,2024-10-16T11:20:40,708.07,refunded
41,41,2025-02-17T14:17:32,308.89,refunded
42,42,2025-08-26T17:37:05,353.36,refunded
43,43,2025-06-09T08:34:27,145.97,failed
44,44,2025-09-29T18:45:25,401.34,failed
45,45,2025-01-29T21:01:42,1202.37,failed
46,46,2025-10-01T20:24:32,1130.02,failed
47,47,2025-01-18T04:42:31,1158.01,refunded
48,48,2025-05-06T10:43:11,635.82,refunded
49,49,2024-11-10T09:39:57,798.45,paid
50,50,2025-07-02T01:37:57,554.94,failed
51,51,2025-05-22T03:07:01,1151.98,refunded
52,52,2025-01-06T01:07:05,1167.36,refunded
53,53,2025-08-25T21:48:50,745.85,failed
54,54,2025-09-07T17:37:38,158.55,failed
55,55,2025-08-12T17:41:09,722.59,failed
56,56,2024-10-12T09:20:17,1320.02,paid
57,57,2024-11-09T23:02:01,262.52,failed
58,58,2025-08-20T00:03:02,958.93,failed
59,59,2025-05-03T05:56:59,526.96,refunded
60,60,2025-04-09T15:47:25,552.94,failed
61,61,2025-04-14T22:29:55,778.4,paid
62,62,2025-08-05T02:03:25,1266.62,paid
63,63,2024-12-21T13:22:39,1282.31,refunded
64,64,2024-11-14T09:19:22,733.22,paid
65,65,2025-03-08T14:34:12,648.74,paid
66,66,2024-11-05T16:18:53,60.11,failed
67,67,2025-02-19T13:02:14,545.01,refunded
68,68,2025-01-14T16:50:07,1420.69,paid
69,69,2025-01-01T15:24:48,1393.81,failed
70,70,2024-12-13T13:38:04,714.55,failed
71,71,2025-04-28T15:08:52,327.07,failed
72,72,2025-09-03T19:13:17,155.14,failed
73,73,2025-04-22T20:10:11,627.17,paid
74,74,2025-06-20T17:28:18,485.1,refunded
75,75,2025-01-04T11:27:24,1297.52,paid
76,76,2025-01-28T05:33:58,484.49,failed
77,77,2024-12-11T15:58:22,519.61,failed
78,78,2025-03-21T14:51:09,1259.15,failed
79,79,2025-05-15T00:57:33,1261.53,refunded
80,80,2025-02-03T07:58:26,1300.78,failed
81,81,2025-03-24T05:38:32,1005.15,paid
82,82,2025-03-19T09:31:37,641.19,refunded
83,83,2025-05-15T15:11:41,1464.42,failed
84,84,2025-02-28T04:08:25,976.11,refunded
85,85,2025-01-12T07:12:09,534.82,paid
86,86,2025-08-23T22:50:31,912.18,failed
87,87,2024-12-11T10:15:43,643.26,failed
88,88,2025-07-26T04:52:19,125.7,failed
89,89,2025-08-07T21:55:17,68.07,paid
90,90,2025-01-03T19:20:49,650.4,refunded
91,91,2025-09-03T09:04:27,1144.52,failed
92,92,2025-05-12T22:22:43,484.43,failed
93,93,2025-08-13T01:41:15,737.37,failed
94,94,2025-01-16T13:07:04,794.37,refunded
95,95,2025-07-07T07:26:46,143.06,paid
96,96,2025-07-11T16:06:41,92.75,refunded
97,97,2025-05-20T12:04:19,995.59,failed
98,98,2025-04-27T06:44:58,993.21,paid
99,99,2024-11-18T17:33:34,698.89,failed
100,100,2025-01-17T02:11:20,879.05,failed
101,101,2025-07-30T05:08:36,1065.35,refunded
102,102,2025-07-30T09:28:11,148.61,failed
103,103,2025-05-31T01:54:37,396.55,paid
104,104,2025-05-21T23:28:27,1266.47,failed
105,105,2025-03-20T03:17:25,448.08,failed
106,106,2025-03-05T08:31:16,1126.4,refunded
107,107,2024-11-22T23:20:29,1497.37,refunded
108,108,2025-03-31T01:46:56,54.68,failed
109,109,2025-01-18T05:11:45,155.86,paid
110,110,2024-12-23T03:50:34,107.1,failed
111,111,2025-02-18T08:00:44,609.7,refunded
112,112,2025-02-17T19:19:56,836.2,paid
113,113,2025-09-01T03:59:44,729.16,paid
114,114,2024-10-13T09:42:53,1229.66,paid
115,115,2025-01-06T23:03:01,113.05,paid
116,116,2025-02-16T21:05:52,834.83,failed
117,117,2025-07-21T07:13:02,1174.27,failed
118,118,2025-01-13T18:35:43,968.49,paid
119,119,2025-08-26T18:01:47,927.29,refunded
120,120,2024-10-15T09:25:57,627.95,failed
121,121,2025-09-15T09:07:42,1162.62,paid
122,122,2025-05-28T05:45:50,1462.79,failed
123,123,2025-04-09T07:52:19,1463.65,paid
124,124,2024-12-23T11:34:04,1001.19,refunded
125,125,2025-05-10T10:25:58,1390.34,failed
126,126,2025-08-15T03:33:42,237.34,refunded
127,127,2024-11-05T13:40:01,905.12,paid
128,128,2025-05-10T07:39:48,1240.52,paid
129,129,2024-10-29T10:48:21,408.22,failed
130,130,2025-08-14T15:20:47,971.36,failed
131,131,2025-05-01T06:34:50,693.57,paid
132,132,2025-04-23T07:23:35,227.41,failed
133,133,2024-11-25T18:05:50,832.4,refunded
134,134,2025-04-15T00:43:31,192.33,failed
135,135,2025-05-16T21:22:57,1035.23,failed
136,136,2025-01-06T12:00:51,521.59,refunded
137,137,2025-09-14T04:59:51,1076.94,paid
138,138,2024-12-10T02:13:10,612.5,refunded
139,139,2025-02-20T16:41:22,834.25,failed
140,140,2025-08-08T04:04:32,1203.72,failed
141,141,2025-05-11T21:50:46,852.35,refunded
142,142,2024-11-19T09:07:22,213.39,paid
143,143,2025-01-26T19:53:46,1247.08,refunded
144,144,2025-09-17T05:51:15,1333.01,failed
145,145,2025-03-16T06:08:52,1196.61,failed
146,146,2025-05-20T18:06:00,541.59,failed
147,147,2025-04-28T17:11:46,816.82,paid
148,148,2025-07-30T15:09:11,923.43,refunded
149,149,2025-09-07T09:40:38,693.23,failed
150,150,2025-01-20T13:03:54,918.94,failed
151,151,2024-10-17T21:14:48,1416.93,failed
152,152,2025-01-01T14:05:04,1356.25,paid
153,153,2024-11-04T13:54:20,585.96,paid
154,154,2025-08-08T00:46:38,710.2,refunded
155,155,2025-03-29T01:56:30,904.7,refunded
156,156,2025-04-06T05:23:26,860.52,failed
157,157,2024-12-12T20:07:54,1451.81,refunded
158,158,2025-08-02T19:50:15,1229.06,refunded
159,159,2025-09-12T17:00:44,95.94,refunded
160,160,2025-08-22T09:44:14,212.0,paid
161,161,2025-06-20T00:34:16,297.93,refunded
162,162,2025-10-01T23:03:15,347.63,failed
163,163,2025-06-05T18:12:21,1371.48,refunded
164,164,2025-03-16T23:52:02,1089.41,paid
165,165,2025-07-16T01:39:38,767.53,failed
166,166,2025-02-21T02:25:48,1056.97,paid
167,167,2024-12-27T16:57:05,1374.29,refunded
168,168,2025-10-04T17:28:46,328.29,paid
169,169,2025-04-17T10:07:42,880.56,paid
170,170,2025-01-18T19:21:05,1224.84,failed
171,171,2025-06-21T14:13:42,714.21,failed
172,172,2025-05-21T22:45:28,1312.92,paid
173,173,2024-11-10T20:00:40,119.0,failed
174,174,2025-05-20T09:36:58,1341.96,failed
175,175,2025-07-13T02:22:51,1381.53,refunded
176,176,2025-06-30T10:13:37,98.48,refunded
177,177,2024-11-26T14:26:52,445.99,failed
178,178,2025-01-08T22:52:56,678.36,refunded
179,179,2025-07-14T17:30:30,367.53,refunded
180,180,2025-07-13T14:27:13,981.82,paid
181,181,2025-06-23T01:57:56,807.82,failed
182,182,2025-07-14T03:53:27,1265.1,paid
183,183,2025-01-23T19:14:18,201.61,failed
184,184,2025-06-23T10:14:49,899.73,paid
185,185,2025-07-31T12:44:21,74.45,refunded
186,186,2024-11-30T03:25:05,301.29,failed
187,187,2025-03-26T05:32:26,392.26,failed
188,188,2025-06-15T10:37:30,214.23,failed
189,189,2025-10-02T20:58:37,177.41,refunded
190,190,2025-07-04T13:01:36,1111.76,failed
191,191,2024-12-21T18:32:50,783.93,failed
192,192,2024-12-09T14:00:23,1205.63,failed
193,193,2025-02-20T20:50:01,942.19,refunded
194,194,2024-12-18T19:23:26,1259.26,refunded
195,195,2025-03-14T03:46:01,887.07,refunded
196,196,2025-01-01T09:17:17,445.79,paid
197,197,2025-01-02T21:43:57,1395.17,failed
198,198,2025-09-20T14:22:55,1122.69,refunded
199,199,2024-10-31T22:00:18,1436.25,refunded
200,200,2025-02-19T08:39:38,438.23,paid
